market,total_return_pct,multiple,max_drawdown_pct,win_rate_pct,num_trades,benchmark_return_pct,benchmark_multiple
CRYPTO,24.19780848891495,1.2419780848891495,-47.14134784455727,60.15325670498084,261,111.80840456727151,2.118084045672715
US,26.001918771837794,1.260019187718378,-21.316026836533197,70.94594594594594,148,23.998735778721247,1.2399873577872125
IL,24.955579331839893,1.249555793318399,-11.254304393912303,75.92592592592592,108,26.255300189994934,1.2625530018999493
