market,total_return_pct,multiple,max_drawdown_pct,win_rate_pct,num_trades,benchmark_return_pct,benchmark_multiple
CRYPTO,1020.3263941058641,11.20326394105864,-44.03466913992825,66.94139194139194,1092,83.6616784692384,1.836616784692384
US,130.03602976701188,2.3003602976701187,-23.92649328162503,74.06542056074767,856,42.74769109037595,1.4274769109037595
IL,66.70737566254361,1.667073756625436,-20.610360866800033,67.77408637873754,602,81.96707063167818,1.8196707063167818
