market,total_return_pct,multiple,max_drawdown_pct,win_rate_pct,num_trades,benchmark_return_pct,benchmark_multiple
CRYPTO,932.48850769571,10.3248850769571,-40.6002000001261,67.27438468550592,1097,83.6616784692384,1.836616784692384
