market,total_return_pct,multiple,max_drawdown_pct,win_rate_pct,num_trades,benchmark_return_pct,benchmark_multiple
CRYPTO,830.8669425280148,9.308669425280147,-45.348227064834305,65.97285067873302,1105,83.6616784692384,1.836616784692384
US,165.58970300689083,2.655897030068908,-22.663139268380608,73.37278106508876,845,42.74769109037595,1.4274769109037595
IL,37.43031249764475,1.3743031249764475,-27.78526610658337,65.48821548821549,594,81.96707063167818,1.8196707063167818
