market,total_return_pct,multiple,max_drawdown_pct,win_rate_pct,num_trades,benchmark_return_pct,benchmark_multiple
CRYPTO,853.2507958767112,9.532507958767113,-43.81104939076755,66.39269406392694,1095,83.6616784692384,1.836616784692384
US,169.3526213927198,2.693526213927198,-22.181486173915108,73.63420427553444,842,42.74769109037595,1.4274769109037595
IL,50.91935484530104,1.5091935484530103,-22.472677303038544,66.78023850085178,587,81.96707063167818,1.8196707063167818
