name,startequity,endequity,totalreturnpct,cagrpct,maxdrawdownpct
MULTI_ADAPTIVE,100000.0,702659.0339007167,602.6590339007167,62.97527659799336,-35.891588075731434
